college_code,college_name,institute_type,choice_code,branch,stage,category,rank,percentile,round,academic_year
1105,"Prof. Ram Meghe Institute of Technology & Research, Amravati (Un-Aided Autonomous)",,110524210,,Stage-I,PWDR-OBC GOPEN GSC GNTB GNTD GOBC GSEBC LOPEN LSC LST LNTC LOBC EWS,29034,,1,2024
1105,"Prof. Ram Meghe Institute of Technology & Research, Amravati (Un-Aided Autonomous)",,110526510,,Stage-I,GOPEN GOBC LOPEN LSC,29115,,1,2024
1105,"Prof. Ram Meghe Institute of Technology & Research, Amravati (Un-Aided Autonomous)",,110537210,,Stage-I,GOPEN GSC GST GNTC GOBC LOPEN LNTB LOBC LSEBC EWS,26164,,1,2024
1107,"P. R. Pote (Patil) Education & Welfare Trusts Group of Institution(Integrated Campus), Amravati (Un-Aided)",,110761210,,Stage-I,GOPEN GOBC LOPEN LSC LOBC EWS,40415,,1,2024
1114,"Sipna Shikshan Prasarak Mandal College of Engineering & Technology, Amravati (Un-Aided)",,111419110,,Stage-I,GOPEN GSC GST GNTB GNTC GOBC LOPEN LOBC LSEBC EWS,34010,,1,2024
1114,"Sipna Shikshan Prasarak Mandal College of Engineering & Technology, Amravati (Un-Aided)",,111437210,,Stage-I,GOPEN GSC GNTC GOBC LOPEN LNTB LOBC EWS,33400,,1,2024
1116,"Shri Shivaji Education Societys College of Engineering and Technology, Akola (Un-Aided)",,111661210,,Stage-I,GOPEN GOBC LOPEN,39293,,1,2024
1117,Janata Shikshan Prasarak Mandal (Un-Aided),,111724210,,Stage-I,GOPEN GSC GNTA GOBC GSEBC LOPEN LSC LOBC,43680,,1,2024
1119,"Paramhansa Ramkrishna Maunibaba Shikshan Santhas , Anuradha Engineering College, Chikhali (Un-Aided)",,111924610,,Stage-I,GOPEN GSC GOBC LOPEN LSEBC,40270,,1,2024
1119,"Paramhansa Ramkrishna Maunibaba Shikshan Santhas , Anuradha Engineering College, Chikhali (Un-Aided)",,111950710,,Stage-I,GOPEN GSC GNTA GNTB GOBC LOPEN PWD-O EWS,37031,,1,2024
1123,"Dr.Rajendra Gode Institute of Technology & Research, Amravati (Un-Aided)",,112324210,,Stage-I,GOPEN GOBC LOPEN LSC LOBC LSEBC EWS,19223,,1,2024
1123,"Dr.Rajendra Gode Institute of Technology & Research, Amravati (Un-Aided)",,112361210,,Stage-I,GOPEN GSC LOPEN,48532,,1,2024
1125,"Dwarka Bahu Uddeshiya Gramin Vikas Foundation, Rajarshri Shahu College of Engineering, Buldhana (Un-Aided)",,112529310,,Stage-I,GOPEN GOBC LOPEN LSC LSEBC EWS,32464,,1,2024
1127,"Jagadambha Bahuuddeshiya Gramin Vikas Sansthas Jagdambha College of Engineering and Technology, Yavatmal (Un-Aided)",,112719110,,Stage-I,GOPEN GOBC LOPEN LSC,43048,,1,2024
1128,"Prof Ram Meghe College of Engineering and Management, Badnera (Un-Aided)",,112829310,,Stage-I,GOPEN GSC GOBC LOPEN LST LOBC EWS,45663,,1,2024
1130,"Vision Buldhana Educational & Welfare Societys Pankaj Laddhad Institute of Technology & Management Studies, Yelgaon (Un-Aided)",,113019110,,Stage-I,GOPEN GSC GOBC LOPEN EWS,35479,,1,2024
1130,"Vision Buldhana Educational & Welfare Societys Pankaj Laddhad Institute of Technology & Management Studies, Yelgaon (Un-Aided)",,113061210,,Stage-I,GOPEN GSC GOBC LOPEN EWS,39123,,1,2024
1182,"Padmashri Dr. V.B. Kolte College of Engineering, Malkapur, Buldhana (Un-Aided)",,118219110,,Stage-I,GOPEN GSC GOBC LOPEN,41188,,1,2024
1182,"Padmashri Dr. V.B. Kolte College of Engineering, Malkapur, Buldhana (Un-Aided)",,118224210,,Stage-I,GOPEN GSC GOBC LOPEN LNTA EWS,37474,,1,2024
1265,"Mauli Group of Institutions, College of Engineering and Technology, Shegaon. (Un-Aided)",,126519110,,Stage-I,GOPEN GOBC LOPEN LNTB LOBC EWS,33351,,1,2024
2021,"University Department of Chemical Technology, Aurangabad (University Department)",,202150310,,Stage-I,LOPEN LOBC,7754,,1,2024
2111,"Everest Education Society, Group of Institutions (Integrated Campus), Ohar (Un-Aided Religious Minority - Muslim)",,211119110,,Stage-I,GOPEN LOPEN MI,48371,,1,2024
2111,"Everest Education Society, Group of Institutions (Integrated Campus), Ohar (Un-Aided Religious Minority - Muslim)",,211161210,,Stage-I,GOPEN LOPEN MI,34970,,1,2024
2112,"Shree Yash Pratishthan, Shreeyash College of Engineering and Technology, Chhatrapati Sambhajinagar (Un-Aided)",,211219110,,Stage-I,GOPEN GSC GNTD GOBC LOPEN LSC LNTB,46765,,1,2024
2112,"Shree Yash Pratishthan, Shreeyash College of Engineering and Technology, Chhatrapati Sambhajinagar (Un-Aided)",,211229310,,Stage-I,GOPEN GSC GOBC GSEBC LOPEN LSC LNTA LNTC LOBC LSEBC EWS,33386,,1,2024
2112,"Shree Yash Pratishthan, Shreeyash College of Engineering and Technology, Chhatrapati Sambhajinagar (Un-Aided)",,211291210,,Stage-I,GOPEN GSC GNTA GOBC LOPEN LNTC LSEBC EWS,45324,,1,2024
2113,"G. S. Mandals Maharashtra Institute of Technology, Chhatrapati Sambhajinagar (Un-Aided Autonomous)",,211329310,,Stage-I,GOPEN GSC GNTB GNTD GOBC GSEBC LOPEN LSC LNTA LNTC LOBC LSEBC PWD-O EWS,15747,,1,2024
2113,"G. S. Mandals Maharashtra Institute of Technology, Chhatrapati Sambhajinagar (Un-Aided Autonomous)",,211350110,,Stage-I,GOPEN GST GOBC LOPEN,36690,,1,2024
2113,"G. S. Mandals Maharashtra Institute of Technology, Chhatrapati Sambhajinagar (Un-Aided Autonomous)",,211384410,,Stage-I,GOPEN GSC GNTC GOBC GSEBC LOPEN LNTA LOBC EWS,31706,,1,2024
2116,"Matoshri Pratishans Group of Institutions (Integrated Campus), Kupsarwadi , Nanded (Un-Aided)",,211619110,,Stage-I,GOPEN GSC GNTB GNTD LOPEN LSC,48444,,1,2024
2116,"Matoshri Pratishans Group of Institutions (Integrated Campus), Kupsarwadi , Nanded (Un-Aided)",,211624210,,Stage-I,GOPEN GSC GNTA GNTD GOBC GSEBC LOPEN LSC LNTB LOBC LSEBC EWS,31573,,1,2024
2116,"Matoshri Pratishans Group of Institutions (Integrated Campus), Kupsarwadi , Nanded (Un-Aided)",,211626310,,Stage-I,GOPEN GSC GOBC LOPEN LNTC LOBC,34221,,1,2024
2127,"Mahatma Gandhi Missions College of Engineering, Hingoli Rd, Nanded. (Un-Aided)",,212761210,,Stage-I,GOPEN GOBC LOPEN LNTA,40665,,1,2024
2129,"M.S. Bidve Engineering College, Latur (Un-Aided)",,212929810,,Stage-I,GOPEN GSC GNTB GNTD GOBC GSEBC LOPEN LSC LNTA LNTC LOBC LSEBC PWD-O EWS,42998,,1,2024
2129,"M.S. Bidve Engineering College, Latur (Un-Aided)",,212961210,,Stage-I,GOPEN LOPEN EWS,44800,,1,2024
2130,"Terna Public Charitable Trusts College of Engineering, Dharashiv (Un-Aided)",,213037210,,Stage-I,GOPEN LOPEN LNTC EWS,39742,,1,2024
2134,"Peoples Education Societys College of Engineering, Chhatrapati Sambhajinagar (Un-Aided)",,213429310,,Stage-I,GOPEN GSC GST GNTB GOBC GSEBC LOPEN LSC LNTC LOBC EWS,28804,,1,2024
2136,"Aditya Engineering College , Beed (Un-Aided)",,213619110,,Stage-I,GOPEN GSC GST GNTA GNTB GNTC GNTD GOBC GSEBC LOPEN LSC LOBC PWD-O EWS,35278,,1,2024
2136,"Aditya Engineering College , Beed (Un-Aided)",,213624210,,Stage-I,GOPEN GSC GOBC GSEBC LOPEN LNTA LNTC EWS,29341,,1,2024
2136,"Aditya Engineering College , Beed (Un-Aided)",,213629310,,Stage-I,GOPEN GSC GST GNTB GNTD GOBC GSEBC LOPEN LSC LNTA LNTC LOBC LSEBC EWS,33694,,1,2024
2136,"Aditya Engineering College , Beed (Un-Aided)",,213637210,,Stage-I,GOPEN GSC GNTA GOBC GSEBC LOPEN LSC LNTD LOBC EWS,48418,,1,2024
2136,"Aditya Engineering College , Beed (Un-Aided)",,213692110,,Stage-I,GOPEN LOPEN EWS,46050,,1,2024
2137,"Nagnathappa Halge Engineering College, Parli, Beed (Un-Aided)",,213719110,,Stage-I,GOPEN GSC GNTA GNTD GOBC LOPEN EWS,39485,,1,2024
2138,"Matsyodari Shikshan Sansathas College of Engineering and Technology, Jalna (Un-Aided)",,213829310,,Stage-I,GOPEN GSC GOBC LOPEN LNTA LNTC LOBC LSEBC EWS,41553,,1,2024
2138,"Matsyodari Shikshan Sansathas College of Engineering and Technology, Jalna (Un-Aided)",,213861210,,Stage-I,GOPEN GSC GNTA LOPEN EWS,32088,,1,2024
2250,"Aurangabad College of Engineering, Naygaon Savangi, Aurangabad (Un-Aided)",,225019110,,Stage-I,GOPEN GSC GST GOBC GSEBC LOPEN LSC LNTA LNTC LNTD EWS,28819,,1,2024
2250,"Aurangabad College of Engineering, Naygaon Savangi, Aurangabad (Un-Aided)",,225029310,,Stage-I,GOPEN GSC GST GNTA GNTB GNTC GNTD GOBC GSEBC LOPEN LSC LOBC LSEBC PWD-O EWS,28214,,1,2024
2252,"Marathwada Shikshan Prasarak Mandals Shri Shivaji Institute of Engineering and Management Studies, Parbhani (Un-Aided)",,225219110,,Stage-I,GOPEN GOBC LOPEN EWS,43266,,1,2024
2252,"Marathwada Shikshan Prasarak Mandals Shri Shivaji Institute of Engineering and Management Studies, Parbhani (Un-Aided)",,225229710,,Stage-I,GOPEN GSC LST LOBC,39495,,1,2024
2252,"Marathwada Shikshan Prasarak Mandals Shri Shivaji Institute of Engineering and Management Studies, Parbhani (Un-Aided)",,225261210,,Stage-I,GOPEN GSC GNTA GNTB LOPEN EWS,40498,,1,2024
2254,"Vilasrao Deshmukh Foundation Group of Institutions, Latur (Un-Aided)",,225424510,,Stage-I,GOPEN GSC GOBC LOPEN LSC LNTA LNTC LOBC LSEBC EWS,30490,,1,2024
2254,"Vilasrao Deshmukh Foundation Group of Institutions, Latur (Un-Aided)",,225429310,,Stage-I,GOPEN GSC GNTB GNTC GOBC GSEBC LOPEN LSC LOBC LSEBC PWD-O EWS,48772,,1,2024
2254,"Vilasrao Deshmukh Foundation Group of Institutions, Latur (Un-Aided)",,225461210,,Stage-I,GOPEN LOPEN,48042,,1,2024
2282,"Aditya Education Trusts Mitthulalji Sarada Polytechnic, Nalwandi Road, Beed (Un-Aided)",,228224610,,Stage-I,GOPEN GNTB GNTD GOBC LOPEN LNTA EWS,35004,,1,2024
2516,International Centre Of Excellence In Engineering and Management (ICEEM) (Un-Aided),,251661210,,Stage-I,GOPEN GOBC LOPEN,44499,,1,2024
2533,"CSMSS Chh. Shahu College of Engineering, Chhatrapati Sambhajinagar (Un-Aided)",,253319110,,Stage-I,GOPEN GSC GST GNTB GOBC GSEBC LOPEN LSC LNTA LOBC LSEBC,41279,,1,2024
2533,"CSMSS Chh. Shahu College of Engineering, Chhatrapati Sambhajinagar (Un-Aided)",,253361210,,Stage-I,GOPEN GSC GNTA GNTB GNTC GNTD GOBC GSEBC LOPEN LSC LOBC PWD-O,31497,,1,2024
2641,Dr. V.K. Patil College of Engineering & Technology (Un-Aided),,264119110,,Stage-I,GOPEN GSC GNTC GOBC LOPEN EWS,27557,,1,2024
2641,Dr. V.K. Patil College of Engineering & Technology (Un-Aided),,264124210,,Stage-I,GOPEN GSC GOBC LOPEN PWD-O EWS,39931,,1,2024
2641,Dr. V.K. Patil College of Engineering & Technology (Un-Aided),,264161210,,Stage-I,GOPEN GNTB GOBC LOPEN,33725,,1,2024
3012,"Veermata Jijabai Technological Institute(VJTI), Matunga, Mumbai (Government-Aided Autonomous)",,301261210,,Stage-I,GOPEN GOBC GSEBC LOPEN LSC LST EWS,18662,,1,2024
3033,"Dr. Babasaheb Ambedkar Technological University, Lonere (University Managed)",,303337290,,Stage-I,GOPEN GSC GOBC GSEBC LOPEN LSC LOBC EWS,34181,,1,2024
3033,"Dr. Babasaheb Ambedkar Technological University, Lonere (University Managed)",,303352710,,Stage-I,GOPEN GOBC LOPEN EWS,47713,,1,2024
3042,"Government College of Engineering, Ratnagiri (Government)",,304262410,,Stage-I,GOPEN GSC GNTB GNTC GOBC GSEBC LOPEN LSC LOBC LSEBC EWS,36991,,1,2024
3042,"Government College of Engineering, Ratnagiri (Government)",,304291810,,Stage-I,GOPEN GSC GST GNTA GNTC GOBC GSEBC LOPEN LSC LOBC LSEBC,35186,,1,2024
3146,"Jawahar Education Societys Annasaheb Chudaman Patil College of Engineering,Kharghar, Navi Mumbai (Un-Aided)",,314637210,,Stage-I,GOPEN GSC GNTC GOBC LOPEN LOBC EWS,42425,,1,2024
3146,"Jawahar Education Societys Annasaheb Chudaman Patil College of Engineering,Kharghar, Navi Mumbai (Un-Aided)",,314661210,,Stage-I,GOPEN GNTB GNTC GOBC LOPEN EWS,40404,,1,2024
3147,"Saraswati Education Society, Yadavrao Tasgaonkar Institute of Engineering & Technology, Karjat (Un-Aided)",,314719110,,Stage-I,GOPEN GSC GOBC LOPEN,41086,,1,2024
3147,"Saraswati Education Society, Yadavrao Tasgaonkar Institute of Engineering & Technology, Karjat (Un-Aided)",,314724610,,Stage-I,GOPEN GSC GNTB GNTC GOBC LOPEN LSC LOBC LSEBC,43501,,1,2024
3147,"Saraswati Education Society, Yadavrao Tasgaonkar Institute of Engineering & Technology, Karjat (Un-Aided)",,314729310,,Stage-I,GOPEN GSC GNTA GNTC GOBC LOPEN LOBC,43581,,1,2024
3147,"Saraswati Education Society, Yadavrao Tasgaonkar Institute of Engineering & Technology, Karjat (Un-Aided)",,314761210,,Stage-I,GOPEN GST GOBC LOPEN,46249,,1,2024
3147,"Saraswati Education Society, Yadavrao Tasgaonkar Institute of Engineering & Technology, Karjat (Un-Aided)",,314791710,,Stage-I,GOPEN GSC GOBC LOPEN LOBC,41678,,1,2024
3147,"Saraswati Education Society, Yadavrao Tasgaonkar Institute of Engineering & Technology, Karjat (Un-Aided)",,314792110,,Stage-I,GOPEN GOBC LOPEN LOBC,38093,,1,2024
3148,"Mahavir Education Trusts Shah & Anchor Kutchhi Engineering College, Mumbai (Un-Aided Linguistic Minority - Gujarathi(Jain))",,314892810,,Stage-I,GOPEN LOPEN,27680,,1,2024
3154,"Saraswati Education Societys Saraswati College of Engineering,Kharghar Navi Mumbai (Un-Aided)",,315460210,,Stage-I,GOPEN LOPEN EWS,48485,,1,2024
3175,"M.G.M.s College of Engineering and Technology, Kamothe, Navi Mumbai (Un-Aided)",,317524610,,Stage-I,GOPEN GSC GNTA GNTB GOBC GSEBC LOPEN LSC LNTC LNTD LOBC LSEBC EWS,13069,,1,2024
3175,"M.G.M.s College of Engineering and Technology, Kamothe, Navi Mumbai (Un-Aided)",,317550710,,Stage-I,GOPEN GSC GOBC LOPEN,35351,,1,2024
3175,"M.G.M.s College of Engineering and Technology, Kamothe, Navi Mumbai (Un-Aided)",,317561210,,Stage-I,GOPEN GSC GOBC LOPEN,47522,,1,2024
3175,"M.G.M.s College of Engineering and Technology, Kamothe, Navi Mumbai (Un-Aided)",,317591110,,Stage-I,GOPEN GSC GNTB GNTC GNTD GOBC GSEBC LOPEN LSC LNTA LOBC LSEBC EWS,25117,,1,2024
3175,"M.G.M.s College of Engineering and Technology, Kamothe, Navi Mumbai (Un-Aided)",,317591210,,Stage-I,GOPEN GSC GNTC GOBC GSEBC LOPEN LNTB LNTD LOBC LSEBC,15068,,1,2024
3176,"Thakur College of Engineering and Technology, Kandivali, Mumbai (Un-Aided Autonomous Linguistic Minority - Hindi)",,317625910,,Stage-I,GOPEN LOPEN MI,21707,,1,2024
3184,"Fr. Conceicao Rodrigues College of Engineering, Bandra,Mumbai (Un-Aided Religious Minority - Christian)",,318461210,,Stage-I,GOPEN LOPEN MI,14813,,1,2024
3187,"N.Y.S.S.s Datta Meghe College of Engineering, Airoli, Navi Mumbai (Un-Aided)",,318737210,,Stage-I,GOPEN GSC GST GNTA GOBC GSEBC LOPEN LSC LNTD LOBC EWS,19376,,1,2024
3190,"Terna Engineering College, Nerul, Navi Mumbai (Un-Aided)",,319062410,,Stage-I,GOPEN GSC GOBC GSEBC LOPEN LSC,32342,,1,2024
3192,"Smt. Indira Gandhi College of Engineering, Navi Mumbai (Un-Aided)",,319261210,,Stage-I,GOPEN GSC GOBC LOPEN,46850,,1,2024
3193,"Shivajirao S. Jondhale College of Engineering, Dombivali,Mumbai (Un-Aided)",,319324510,,Stage-I,GOPEN GSC GNTA GNTB GNTC GOBC GSEBC LOPEN LSC LNTD LOBC EWS,18882,,1,2024
3193,"Shivajirao S. Jondhale College of Engineering, Dombivali,Mumbai (Un-Aided)",,319350710,,Stage-I,GOPEN GSC GNTA GNTC GNTD GOBC GSEBC LOPEN LSC LOBC PWD-O EWS,48625,,1,2024
3193,"Shivajirao S. Jondhale College of Engineering, Dombivali,Mumbai (Un-Aided)",,319361210,,Stage-I,GOPEN GSC GNTD GOBC GSEBC LOPEN EWS,40906,,1,2024
3193,"Shivajirao S. Jondhale College of Engineering, Dombivali,Mumbai (Un-Aided)",,319392110,,Stage-I,GOPEN GSC GOBC GSEBC LOPEN LSC LNTA LOBC,33380,,1,2024
3194,"Vidyavardhinis College of Engineering and Technology, Vasai (Un-Aided)",,319437210,,Stage-I,GOPEN GOBC LOPEN LOBC EWS,45937,,1,2024
3196,"Lokmanya Tilak College of Engineering, Kopar Khairane, Navi Mumbai (Un-Aided Linguistic Minority - Hindi)",,319661210,,Stage-I,GOPEN LOPEN MI,40724,,1,2024
3198,"Konkan Gyanpeeth College of Engineering, Karjat (Un-Aided)",,319824510,,Stage-I,GOPEN GSC GNTA GNTD GOBC GSEBC LOPEN LSC LST LOBC,33191,,1,2024
3198,"Konkan Gyanpeeth College of Engineering, Karjat (Un-Aided)",,319861210,,Stage-I,GOPEN LOPEN,48230,,1,2024
3198,"Konkan Gyanpeeth College of Engineering, Karjat (Un-Aided)",,319899510,,Stage-I,GOPEN GSC GOBC GSEBC LOPEN LSC,43244,,1,2024
3200,"Hope Foundation and research centers Finolex Academy of Management and Technology, Ratnagiri (Un-Aided)",,320050710,,Stage-I,GOPEN GNTB LOPEN,47283,,1,2024
3201,"Rizvi Education Societys Rizvi College of Engineering, Bandra,Mumbai (Un-Aided Religious Minority - Muslim)",,320161210,,Stage-I,GOPEN LOPEN MI,39284,,1,2024
3202,Rajendra Mane College of Engineering & Technology Ambav Deorukh (Un-Aided),,320261210,,Stage-I,GOPEN GSC GOBC LOPEN,46718,,1,2024
3202,Rajendra Mane College of Engineering & Technology Ambav Deorukh (Un-Aided),,320290010,,Stage-I,GOPEN GOBC LOPEN,46747,,1,2024
3203,"Atharva College of Engineering,Malad(West),Mumbai (Un-Aided)",,320337210,,Stage-I,GOPEN GSC GNTB GOBC GSEBC LOPEN LOBC,37341,,1,2024
3204,"St. Francis Institute of Technology,Borivali, Mumbai (Un-Aided Religious Minority - Christian)",,320437210,,Stage-I,GOPEN LOPEN MI,30134,,1,2024
3204,"St. Francis Institute of Technology,Borivali, Mumbai (Un-Aided Religious Minority - Christian)",,320461210,,Stage-I,GOPEN LOPEN MI,28204,,1,2024
3206,"S.S.P.M.s College of Engineering, Kankavli (Un-Aided)",,320624510,,Stage-I,GOPEN GOBC LOPEN LSC LST LNTC LOBC LSEBC EWS,32136,,1,2024
3206,"S.S.P.M.s College of Engineering, Kankavli (Un-Aided)",,320629310,,Stage-I,GOPEN GSC GNTC GOBC GSEBC LOPEN EWS,28789,,1,2024
3207,"Mahatma Education Societys Pillai College of Engineering, New Panvel (Un-Aided Autonomous Linguistic Minority - Malyalam)",,320760210,,Stage-I,GOPEN LOPEN MI,35900,,1,2024
3207,"Mahatma Education Societys Pillai College of Engineering, New Panvel (Un-Aided Autonomous Linguistic Minority - Malyalam)",,320761210,,Stage-I,GOPEN LOPEN,15811,,1,2024
3208,"Don Bosco Institute of Technology, Mumbai (Un-Aided Religious Minority - Christian( Roman Catholics))",,320861210,,Stage-I,GOPEN LOPEN MI,16002,,1,2024
3211,"S.I.E.S. Graduate School of Technology, Nerul, Navi Mumbai (Un-Aided Linguistic Minority - Tamil)",,321161210,,Stage-I,GOPEN LOPEN,27893,,1,2024
3215,"Bhartiya Vidya Bhavans Sardar Patel Institute of Technology , Andheri, Mumbai (Un-Aided Autonomous)",,321537210,,Stage-I,GOPEN GSC GOBC GSEBC LOPEN LSC LST LNTB LNTD LOBC LSEBC PWDR-SC EWS,14571,,1,2024
3216,"Gharda Foundations Gharda Institute of Technology,Khed, Ratnagiri (Un-Aided)",,321619110,,Stage-I,GOPEN GNTB LOPEN,47028,,1,2024
3216,"Gharda Foundations Gharda Institute of Technology,Khed, Ratnagiri (Un-Aided)",,321650710,,Stage-I,GOPEN GNTB GNTC GOBC LOPEN,44931,,1,2024
3216,"Gharda Foundations Gharda Institute of Technology,Khed, Ratnagiri (Un-Aided)",,321661210,,Stage-I,GOPEN GOBC LOPEN,46025,,1,2024
3217,"Vighnaharata Trusts Shivajirao S. Jondhale College of Engineering & Technology, Shahapur, Asangaon, Dist Thane (Un-Aided)",,321761210,,Stage-I,GOPEN GSC GST GOBC LOPEN,40958,,1,2024
3217,"Vighnaharata Trusts Shivajirao S. Jondhale College of Engineering & Technology, Shahapur, Asangaon, Dist Thane (Un-Aided)",,321791610,,Stage-I,GOPEN LOPEN,48478,,1,2024
3218,"Aldel Education Trusts St. John College of Engineering & Management, Vevoor, Palghar (Un-Aided Religious Minority - Christian)",,321861210,,Stage-I,GOPEN LOPEN,35780,,1,2024
3218,"Aldel Education Trusts St. John College of Engineering & Management, Vevoor, Palghar (Un-Aided Religious Minority - Christian)",,321890010,,Stage-I,GOPEN LOPEN,37477,,1,2024
3219,"Koti Vidya Charitable Trusts Smt. Alamuri Ratnamala Institute of Engineering and Technology, Sapgaon, Tal. Shahapur (Un-Aided Linguistic Minority - Hindi)",,321961210,,Stage-I,GOPEN LOPEN,43088,,1,2024
3220,Yadavrao Tasgaonkar College of Engineering & Management (Un-Aided),,322024510,,Stage-I,GOPEN GSC GOBC GSEBC LOPEN LOBC EWS,34790,,1,2024
3220,Yadavrao Tasgaonkar College of Engineering & Management (Un-Aided),,322037210,,Stage-I,GOPEN LOPEN,46475,,1,2024
3220,Yadavrao Tasgaonkar College of Engineering & Management (Un-Aided),,322092110,,Stage-I,GOPEN GSC GOBC LOPEN,40295,,1,2024
3221,"Late Shri. Vishnu Waman Thakur Charitable Trust, Viva Institute of Technology, Shirgaon (Un-Aided)",,322119110,,Stage-I,GOPEN GOBC LOPEN,48050,,1,2024
3221,"Late Shri. Vishnu Waman Thakur Charitable Trust, Viva Institute of Technology, Shirgaon (Un-Aided)",,322124510,,Stage-I,GOPEN GSC GNTB GOBC LOPEN LST LOBC EWS,30616,,1,2024
3221,"Late Shri. Vishnu Waman Thakur Charitable Trust, Viva Institute of Technology, Shirgaon (Un-Aided)",,322129310,,Stage-I,GOPEN GSC GOBC LOPEN EWS,46126,,1,2024
3221,"Late Shri. Vishnu Waman Thakur Charitable Trust, Viva Institute of Technology, Shirgaon (Un-Aided)",,322191110,,Stage-I,GOPEN GSC GNTA GOBC GSEBC LOPEN LSC LNTB LOBC PWD-O EWS,29587,,1,2024
3222,"Haji Jamaluddin Thim Trusts Theem College of Engineering, At. Villege Betegaon, Boisar (Un-Aided Religious Minority - Muslim)",,322291110,,Stage-I,GOPEN LOPEN MI,28730,,1,2024
3223,"Mahatma Education Societys Pillai HOC College of Engineering & Technology, Tal. Khalapur. Dist. Raigad (Un-Aided Linguistic Minority - Malyalam)",,322361210,,Stage-I,GOPEN LOPEN,40848,,1,2024
3223,"Mahatma Education Societys Pillai HOC College of Engineering & Technology, Tal. Khalapur. Dist. Raigad (Un-Aided Linguistic Minority - Malyalam)",,322392610,,Stage-I,GOPEN LOPEN,41058,,1,2024
3224,"Leela Education Society, G.V. Acharya Institute of Engineering and Technology, Shelu, Karjat (Un-Aided)",,322492010,,Stage-I,GOPEN GSC LOPEN EWS,44041,,1,2024
3277,"Shree Shankar Narayan Education Trust,Pravin Patil College of Diploma Engg. & Technology, Bhayinder (E) Western Rly (Un-Aided)",,327724610,,Stage-I,GOPEN GSC GNTB GOBC GSEBC LOPEN LSEBC EWS,47548,,1,2024
3277,"Shree Shankar Narayan Education Trust,Pravin Patil College of Diploma Engg. & Technology, Bhayinder (E) Western Rly (Un-Aided)",,327735610,,Stage-I,GOPEN GSC GOBC LOPEN,46634,,1,2024
3277,"Shree Shankar Narayan Education Trust,Pravin Patil College of Diploma Engg. & Technology, Bhayinder (E) Western Rly (Un-Aided)",,327761510,,Stage-I,GOPEN GSC GOBC LOPEN,48404,,1,2024
3277,"Shree Shankar Narayan Education Trust,Pravin Patil College of Diploma Engg. & Technology, Bhayinder (E) Western Rly (Un-Aided)",,327793410,,Stage-I,GOPEN GSC GST LOPEN PWD-O EWS,39619,,1,2024
3277,"Shree Shankar Narayan Education Trust,Pravin Patil College of Diploma Engg. & Technology, Bhayinder (E) Western Rly (Un-Aided)",,327793510,,Stage-I,GOPEN LOPEN EWS,46886,,1,2024
3351,"Bharat College of Engineering, Kanhor, Badlapur(W) (Un-Aided)",,335119110,,Stage-I,GOPEN GSC GNTC GOBC LOPEN LNTB PWD-O,46455,,1,2024
3351,"Bharat College of Engineering, Kanhor, Badlapur(W) (Un-Aided)",,335161210,,Stage-I,GOPEN GNTA GOBC LOPEN,48432,,1,2024
3423,"Shree L.R. Tiwari College of Engineering, Mira Road, Mumbai (Un-Aided Linguistic Minority - Hindi)",,342337210,,Stage-I,GOPEN LOPEN MI,33837,,1,2024
3423,"Shree L.R. Tiwari College of Engineering, Mira Road, Mumbai (Un-Aided Linguistic Minority - Hindi)",,342361210,,Stage-I,GOPEN LOPEN MI,46498,,1,2024
3436,"B.R. Harne College of Engineering & Technology, Karav, Tal-Ambernath. (Un-Aided)",,343624510,,Stage-I,GOPEN GSC GNTB GOBC GSEBC LOPEN LSC LOBC,41571,,1,2024
3436,"B.R. Harne College of Engineering & Technology, Karav, Tal-Ambernath. (Un-Aided)",,343691110,,Stage-I,GOPEN GSC LOPEN,44587,,1,2024
3440,"Metropolitan Institute of Technology & Management, Sukhalwad, Sindhudurg. (Un-Aided)",,344019110,,Stage-I,GOPEN GSC GOBC LOPEN EWS,36139,,1,2024
3440,"Metropolitan Institute of Technology & Management, Sukhalwad, Sindhudurg. (Un-Aided)",,344061210,,Stage-I,GOPEN LOPEN,47310,,1,2024
3445,"Vishvatmak Jangli Maharaj Ashram Trusts Vishvatmak Om Gurudev College of Engineering, Mohili-Aghai, Shahpur. (Un-Aided)",,344524510,,Stage-I,GOPEN GSC GOBC LOPEN LSC LOBC EWS,48515,,1,2024
3447,"G.M.Vedak Institute of Technology, Tala, Raigad. (Un-Aided)",,344719110,,Stage-I,GOPEN GOBC LOPEN,47719,,1,2024
3460,"Universal College of Engineering,Kaman Dist. Palghar (Un-Aided Linguistic Minority - Gujarathi)",,346092410,,Stage-I,GOPEN LOPEN,23215,,1,2024
3462,"VPMs Maharshi Parshuram College of Engineering, Velneshwar, Ratnagiri. (Un-Aided)",,346219110,,Stage-I,GOPEN GSC GNTC GOBC LOPEN,22977,,1,2024
3462,"VPMs Maharshi Parshuram College of Engineering, Velneshwar, Ratnagiri. (Un-Aided)",,346224510,,Stage-I,GOPEN LOPEN,44611,,1,2024
3465,"Ideal Institute of Technology, Wada, Dist.Thane (Un-Aided)",,346529310,,Stage-I,GOPEN GSC GOBC LOPEN,47017,,1,2024
3467,"Vishwaniketans Institute of Management Entrepreneurship and Engineering Technology(i MEET), Khalapur Dist Raigad (Un-Aided)",,346729310,,Stage-I,GOPEN GSC GST GNTA GNTB GNTC GOBC LOPEN LOBC EWS,39732,,1,2024
3467,"Vishwaniketans Institute of Management Entrepreneurship and Engineering Technology(i MEET), Khalapur Dist Raigad (Un-Aided)",,346737210,,Stage-I,GOPEN GOBC LOPEN LSEBC,45414,,1,2024
3467,"Vishwaniketans Institute of Management Entrepreneurship and Engineering Technology(i MEET), Khalapur Dist Raigad (Un-Aided)",,346761210,,Stage-I,GOPEN GST GNTB GOBC LOPEN,48831,,1,2024
3470,"Yashwantrao Bhonsale Polytechnic, Charathe, Sawantwadi (Un-Aided)",,347029310,,Stage-I,GOPEN LOPEN EWS,44714,,1,2024
3470,"Yashwantrao Bhonsale Polytechnic, Charathe, Sawantwadi (Un-Aided)",,347061210,,Stage-I,GOPEN GOBC LOPEN,47125,,1,2024
3471,"New Horizon Institute of Technology & Management, Thane (Un-Aided)",,347161210,,Stage-I,GOPEN GSC LOPEN,47913,,1,2024
3471,"New Horizon Institute of Technology & Management, Thane (Un-Aided)",,347162410,,Stage-I,GOPEN GSC LOPEN,34969,,1,2024
3471,"New Horizon Institute of Technology & Management, Thane (Un-Aided)",,347199510,,Stage-I,GOPEN GSC GNTC GOBC LOPEN LNTA EWS,25494,,1,2024
3475,"A. P. Shah Institute of Technology, Thane (Un-Aided Religious Minority - Jain)",,347561210,,Stage-I,GOPEN LOPEN,38956,,1,2024
3503,"Indala College Of Engineering, Bapsai Tal.Kalyan (Un-Aided)",,350319110,,Stage-I,GOPEN GSC GNTA GNTB GNTC GOBC LOPEN LSC LOBC,44626,,1,2024
3503,"Indala College Of Engineering, Bapsai Tal.Kalyan (Un-Aided)",,350324610,,Stage-I,GOPEN GSC GNTA GNTB GNTC GOBC LOPEN LSC LNTC LOBC,32759,,1,2024
4004,"Government College of Engineering, Chandrapur (Government)",,400437210,,Stage-I,GOPEN GSC GNTA GOBC LOPEN LOBC LSEBC EWS,16294,,1,2024
4005,"Laxminarayan Institute of Technology, Nagpur (University Department)",,400552910,,Stage-I,GOPEN LOBC,10010,,1,2024
4104,"Kavi Kulguru Institute of Technology & Science, Ramtek (Un-Aided)",,410425110,,Stage-I,GOPEN GOBC LOPEN LSC LSEBC,28384,,1,2024
4104,"Kavi Kulguru Institute of Technology & Science, Ramtek (Un-Aided)",,410429310,,Stage-I,GOPEN GSC GOBC LOPEN LSC,39020,,1,2024
4123,"Lokmanya Tilak Jankalyan Shikshan Sanstha, Priyadarshani College of Engineering, Nagpur (Un-Aided Autonomous Linguistic Minority - Hindi)",,412361210,,Stage-I,GOPEN LOPEN MI,18447,,1,2024
4133,"Sanmarg Shikshan Sansthas Smt. Radhikatai Pandav College of Engineering, Nagpur (Un-Aided)",,413329310,,Stage-I,GOPEN GSC GOBC LOPEN LSC LST LNTB LOBC EWS,36170,,1,2024
4133,"Sanmarg Shikshan Sansthas Smt. Radhikatai Pandav College of Engineering, Nagpur (Un-Aided)",,413361210,,Stage-I,GOPEN GSC GOBC LOPEN,47337,,1,2024
4134,"Guru Nanak Institute of Engineering & Technology,Kalmeshwar, Nagpur (Un-Aided)",,413424210,,Stage-I,GOPEN GSC GNTB GOBC LOPEN LSC LNTA LNTC LOBC,34802,,1,2024
4134,"Guru Nanak Institute of Engineering & Technology,Kalmeshwar, Nagpur (Un-Aided)",,413499710,,Stage-I,GOPEN GSC GNTB LOPEN,45081,,1,2024
4135,"Amar Seva Mandals Shree Govindrao Vanjari College of Engineering & Technology, Nagpur (Un-Aided)",,413519110,,Stage-I,GOPEN GSC GOBC LOPEN LSC,43582,,1,2024
4139,"Samridhi Sarwajanik Charitable Trust, Jhulelal Institute of Technology, Nagpur (Un-Aided Autonomous Linguistic Minority - Sindhi)",,413961210,,Stage-I,GOPEN LOPEN,35992,,1,2024
4141,"Shriram Gram Vikas Shikshan Sanstha, Vilasrao Deshmukh College of Engineering and Technology, Nagpur (Un-Aided)",,414119110,,Stage-I,GOPEN GSC GST GOBC LOPEN,48528,,1,2024
4142,"Ankush Shikshan Sansthas G. H. Raisoni Institute of Engineering & Technology, Nagpur (Un-Aided Autonomous Linguistic Minority - Hindi)",,414261210,,Stage-I,GOPEN LOPEN MI,20709,,1,2024
4143,"Sanmarg Shikshan Sanstha, Mandukarrao Pandav College of Engineering, Bhandara (Un-Aided)",,414324510,,Stage-I,PWDR-OBC GOPEN GSC GOBC LOPEN LSC LNTB LOBC EWS,29050,,1,2024
4144,"Shri. Sai Shikshan Sanstha, Nagpur Institute of Technology, Nagpur (Un-Aided)",,414419110,,Stage-I,GOPEN GSC GOBC LOPEN LST LOBC,48901,,1,2024
4144,"Shri. Sai Shikshan Sanstha, Nagpur Institute of Technology, Nagpur (Un-Aided)",,414429310,,Stage-I,GOPEN GSC GOBC LOPEN LOBC,31586,,1,2024
4144,"Shri. Sai Shikshan Sanstha, Nagpur Institute of Technology, Nagpur (Un-Aided)",,414461210,,Stage-I,GOPEN GSC LOPEN,38380,,1,2024
4145,"Wainganga College of Engineering and Management, Dongargaon, Nagpur (Un-Aided)",,414561210,,Stage-I,GOPEN GSC GOBC LOPEN,48873,,1,2024
4147,"K.D.K. College of Engineering, Nagpur (Un-Aided)",,414724210,,Stage-I,PWDR-OBC GOPEN GSC GST GNTA GOBC GSEBC LOPEN LSC LNTB LNTD LOBC EWS,24703,,1,2024
4147,"K.D.K. College of Engineering, Nagpur (Un-Aided)",,414724610,,Stage-I,GOPEN GOBC LOPEN LSC LOBC LSEBC EWS,25252,,1,2024
4151,"Vidarbha Bahu-Uddeshiya Shikshan Sansthas Tulshiramji Gaikwad Patil College of Engineering & Technology, Nagpur (Un-Aided Autonomous)",,415100210,,Stage-I,GOPEN GSC LOPEN EWS,39211,,1,2024
4151,"Vidarbha Bahu-Uddeshiya Shikshan Sansthas Tulshiramji Gaikwad Patil College of Engineering & Technology, Nagpur (Un-Aided Autonomous)",,415119110,,Stage-I,GOPEN GST GNTA GOBC LOPEN LSC,24660,,1,2024
4163,Rajiv Gandhi College of Engineering Research & Technology Chandrapur (Un-Aided),,416324210,,Stage-I,GOPEN GSC GST GOBC GSEBC LOPEN LSC LNTA EWS,24390,,1,2024
4163,Rajiv Gandhi College of Engineering Research & Technology Chandrapur (Un-Aided),,416329310,,Stage-I,GOPEN GSC GOBC LOPEN LST,36830,,1,2024
4163,Rajiv Gandhi College of Engineering Research & Technology Chandrapur (Un-Aided),,416337010,,Stage-I,GOPEN GST GOBC LOPEN LSC LOBC,40807,,1,2024
4163,Rajiv Gandhi College of Engineering Research & Technology Chandrapur (Un-Aided),,416370110,,Stage-I,GOPEN GSC GOBC LOPEN LST LNTC LOBC EWS,31170,,1,2024
4177,"Priyadarshini Bhagwati College of Engineering, Harpur Nagar, Umred Road,Nagpur (Un-Aided Linguistic Minority - Hindi)",,417761210,,Stage-I,GOPEN LOPEN,43414,,1,2024
4181,"Swaminarayan Siddhanta Institute Of Technology, Nagpur (Un-Aided)",,418119110,,Stage-I,GOPEN GSC GNTB GOBC LOPEN LSC LOBC EWS,47312,,1,2024
4188,"Krushi Jivan Vikas Pratishthan, Ballarpur Institute of Technology, Mouza Bamni (Un-Aided)",,418837210,,Stage-I,GOPEN LOPEN LOBC,42432,,1,2024
4188,"Krushi Jivan Vikas Pratishthan, Ballarpur Institute of Technology, Mouza Bamni (Un-Aided)",,418861210,,Stage-I,GOPEN GSC GOBC LOPEN EWS,38296,,1,2024
4190,"M.D. Yergude Memorial Shikshan Prasarak Mandals Shri Sai College of Engineering & Technology, Badravati (Un-Aided)",,419019110,,Stage-I,GOPEN GNTB LOPEN,41101,,1,2024
4190,"M.D. Yergude Memorial Shikshan Prasarak Mandals Shri Sai College of Engineering & Technology, Badravati (Un-Aided)",,419024210,,Stage-I,GOPEN GSC GOBC LOPEN LST EWS,35349,,1,2024
4190,"M.D. Yergude Memorial Shikshan Prasarak Mandals Shri Sai College of Engineering & Technology, Badravati (Un-Aided)",,419061210,,Stage-I,GOPEN GSC GOBC GSEBC LOPEN,32885,,1,2024
4192,"Maitraya Education Society, Nagarjuna Institute of Engineering Technology & Management, Nagpur (Un-Aided)",,419219110,,Stage-I,GOPEN GOBC LOPEN,46932,,1,2024
4193,"K.D.M. Education Society, Vidharbha Institute of Technology,Umred Road ,Nagpur (Un-Aided Linguistic Minority - Hindi)",,419361210,,Stage-I,GOPEN LOPEN,40409,,1,2024
4285,"V M Institute of Engineering and Technology, Dongargaon, Nagpur (Un-Aided)",,428519110,,Stage-I,GOPEN GSC GST GNTA GNTC GOBC LOPEN LSC LOBC EWS,47087,,1,2024
4285,"V M Institute of Engineering and Technology, Dongargaon, Nagpur (Un-Aided)",,428524610,,Stage-I,GOPEN GSC GST GNTB GOBC LOPEN LSC LNTC LOBC,44595,,1,2024
4613,"Suryodaya College of Engineering & Technology, Nagpur (Un-Aided)",,461319110,,Stage-I,GOPEN GSC GOBC LOPEN LNTA,39967,,1,2024
4649,"Bajaj Institute of Technology, Wardha (Un-Aided Linguistic Minority - Hindi)",,464919110,,Stage-I,GOPEN LOPEN,44650,,1,2024
5003,"University Institute of Chemical Technology, North Maharashtra University, Jalgaon (University Department)",,500350810,,Stage-I,GOPEN LOPEN,48577,,1,2024
5003,"University Institute of Chemical Technology, North Maharashtra University, Jalgaon (University Department)",,500352310,,Stage-I,GOBC LOPEN LSC EWS,22803,,1,2024
5103,"Shri Shivaji Vidya Prasarak Sansthas Late Bapusaheb Shivaji Rao Deore College of Engineering,Dhule (Un-Aided)",,510319110,,Stage-I,GOPEN GSC GST GNTB GOBC GSEBC LOPEN LSC LNTA LNTD LOBC,44813,,1,2024
5106,"Khandesh College Education Societys College Of Engineering And Management, Jalgaon (Un-Aided)",,510629310,,Stage-I,GOPEN GSC GST GNTB GOBC LOPEN LOBC PWD-O,42007,,1,2024
5108,"Maratha Vidya Prasarak Samajs Karmaveer Adv. Baburao Ganpatrao Thakare College Of Engineering, Nashik (Un-Aided)",,510846410,,Stage-I,GOPEN GSC GOBC LOPEN LSEBC EWS,31570,,1,2024
5109,"Sandip Foundation, Sandip Institute of Technology and Research Centre, Mahiravani, Nashik (Un-Aided Autonomous)",,510929310,,Stage-I,GOPEN GSC GST GNTA GOBC GSEBC LOPEN LSC LNTC EWS,41483,,1,2024
5124,"Jagadamba Education Soc. Nashiks S.N.D. College of Engineering & Reserch, Babulgaon (Un-Aided)",,512461210,,Stage-I,GOPEN GSC GST GNTB GOBC LOPEN LNTD LOBC,36727,,1,2024
5124,"Jagadamba Education Soc. Nashiks S.N.D. College of Engineering & Reserch, Babulgaon (Un-Aided)",,512462410,,Stage-I,GOPEN GNTD GOBC LOPEN LOBC,47992,,1,2024
5125,"Pravara Rural Education Societys Sir Visvesvaraya Institute of Technology, Chincholi Dist. Nashik (Un-Aided)",,512550710,,Stage-I,GOPEN GOBC LOPEN LOBC EWS,47531,,1,2024
5130,"Brahma Valley College of Engineering & Research, Trimbakeshwar, Nashik (Un-Aided)",,513019110,,Stage-I,GOPEN GSC GST GNTB GNTC GOBC LOPEN LSC LST LNTD LOBC,27366,,1,2024
5139,"Pravara Rural College of Engineering, Loni, Pravaranagar, Ahmednagar. (Un-Aided)",,513950710,,Stage-I,GOPEN GOBC GSEBC LOPEN LOBC EWS,30058,,1,2024
5139,"Pravara Rural College of Engineering, Loni, Pravaranagar, Ahmednagar. (Un-Aided)",,513961210,,Stage-I,GOPEN GSC GOBC LOPEN LOBC LSEBC,38521,,1,2024
5139,"Pravara Rural College of Engineering, Loni, Pravaranagar, Ahmednagar. (Un-Aided)",,513991610,,Stage-I,GOPEN GOBC LSC LSEBC,38839,,1,2024
5151,"MET Bhujbal Knowledge City MET Leagues Engineering College, Adgaon, Nashik. (Un-Aided)",,515129310,,Stage-I,GOPEN GSC GST GOBC GSEBC LOPEN LNTA LNTC LOBC EWS,43496,,1,2024
5151,"MET Bhujbal Knowledge City MET Leagues Engineering College, Adgaon, Nashik. (Un-Aided)",,515161210,,Stage-I,GOPEN GSC GST GNTB GNTC GNTD GOBC GSEBC LOPEN LSC LNTA LOBC EWS,40417,,1,2024
5152,"G. H. Raisoni Institute of Business Management,Jalgaon (Un-Aided Autonomous Linguistic Minority - Hindi)",,515219110,,Stage-I,GOPEN LOPEN,48915,,1,2024
5152,"G. H. Raisoni Institute of Business Management,Jalgaon (Un-Aided Autonomous Linguistic Minority - Hindi)",,515261210,,Stage-I,GOPEN LOPEN MI,32108,,1,2024
5169,"Nagaon Education Societys Gangamai College of Engineering, Nagaon, Tal Dist Dhule (Un-Aided)",,516924510,,Stage-I,GOPEN GSC GOBC GSEBC LOPEN LNTA LNTC LOBC EWS,43403,,1,2024
5171,"Godavari Foundations Godavari College Of Engineering, Jalgaon (Un-Aided)",,517124510,,Stage-I,GOPEN GSC GOBC LOPEN LSC LNTB LNTC LOBC EWS,23641,,1,2024
5171,"Godavari Foundations Godavari College Of Engineering, Jalgaon (Un-Aided)",,517126310,,Stage-I,GOPEN GSC GOBC LOPEN LNTC EWS,41252,,1,2024
5172,"R. C. Patel Institute of Technology, Shirpur (Un-Aided Autonomous Linguistic Minority - Gujarathi)",,517261210,,Stage-I,GOPEN LOPEN,42517,,1,2024
5173,"SNJBs Late Sau. Kantabai Bhavarlalji Jain College of Engineering, (Jain Gurukul), Neminagar,Chandwad,(Nashik) (Un-Aided Religious Minority - Jain)",,517319110,,Stage-I,GOPEN LOPEN,43558,,1,2024
5177,"Matoshri College of Engineering and Research Centre, Eklahare, Nashik (Un-Aided)",,517724610,,Stage-I,DEFR-SEBC GOPEN GSC GNTB GOBC GSEBC LOPEN LSC LST LNTC LOBC EWS,39951,,1,2024
5177,"Matoshri College of Engineering and Research Centre, Eklahare, Nashik (Un-Aided)",,517729310,,Stage-I,GOPEN GSC GST GNTA GNTC GOBC GSEBC LOPEN LSC LNTD LOBC LSEBC,45803,,1,2024
5177,"Matoshri College of Engineering and Research Centre, Eklahare, Nashik (Un-Aided)",,517737210,,Stage-I,GOPEN GSC GNTC GOBC GSEBC LOPEN LSC LNTA LOBC EWS,45655,,1,2024
5179,"Vishwabharati Academys College of Engineering, Ahmednagar (Un-Aided)",,517919110,,Stage-I,GOPEN GSC GNTD GOBC LOPEN EWS,41487,,1,2024
5179,"Vishwabharati Academys College of Engineering, Ahmednagar (Un-Aided)",,517926310,,Stage-I,GOPEN GSC GNTC GOBC GSEBC LOPEN LSC LNTA LNTB LOBC LSEBC EWS,42515,,1,2024
5179,"Vishwabharati Academys College of Engineering, Ahmednagar (Un-Aided)",,517984410,,Stage-I,GOPEN GSC GNTB GNTC GOBC LOPEN LSC LOBC,45160,,1,2024
5181,"Gokhale Education Societys, R.H. Sapat College of Engineering, Management Studies and Research, Nashik (Un-Aided)",,518119110,,Stage-I,GOPEN GSC GST GNTB GNTD GOBC LOPEN LSC LST LOBC,45966,,1,2024
5181,"Gokhale Education Societys, R.H. Sapat College of Engineering, Management Studies and Research, Nashik (Un-Aided)",,518129310,,Stage-I,GOPEN GSC GST GNTB GNTC GNTD GOBC GSEBC LOPEN LSC LNTA LNTB LOBC LSEBC DEF-O EWS,35405,,1,2024
5182,"Kalyani Charitable Trust, Late Gambhirrao Natuba Sapkal College of Engineering, Anjaneri, Trimbakeshwar Road, Nashik (Un-Aided)",,518229310,,Stage-I,GOPEN GSC GST GNTD GOBC LOPEN LST LNTC LOBC,31879,,1,2024
5184,"Amruta Vaishnavi Education & Welfare Trusts Shatabdi Institute of Engineering & Research, Agaskhind Tal. Sinnar (Un-Aided Religious Minority - Christian)",,518461210,,Stage-I,GOPEN LOPEN,42863,,1,2024
5244,"METs Institute of Technology Polytechnic, Bhujbal Knowledge City, Adgaon Nashik (Un-Aided)",,524492210,,Stage-I,GOPEN GSC GNTD GOBC LOPEN,48636,,1,2024
5303,"Hon. Shri. Babanrao Pachpute Vichardhara Trust, Group of Institutions (Integrated Campus)-Parikrama, Kashti Shrigondha, (Un-Aided)",,530319110,,Stage-I,GOPEN LOPEN,48963,,1,2024
5303,"Hon. Shri. Babanrao Pachpute Vichardhara Trust, Group of Institutions (Integrated Campus)-Parikrama, Kashti Shrigondha, (Un-Aided)",,530361210,,Stage-I,GOPEN GSC GNTB GNTC GOBC LOPEN EWS,31739,,1,2024
5303,"Hon. Shri. Babanrao Pachpute Vichardhara Trust, Group of Institutions (Integrated Campus)-Parikrama, Kashti Shrigondha, (Un-Aided)",,530384410,,Stage-I,GOPEN GSC GOBC LOPEN LNTC LOBC EWS,30960,,1,2024
5322,"Jamia Institute Of Engineering And Management Studies, Akkalkuwa (Un-Aided Religious Minority - Muslim)",,532229310,,Stage-I,GOPEN LOPEN MI,46465,,1,2024
5330,"PUNE VIDYARTHI GRIHAâ€™S COLLEGE OF ENGINEERING & SHRIKRUSHNA S. DHAMANKAR INSTITUTE OF MANAGEMENT, NASHIK (Un-Aided)",,533061210,,Stage-I,GOPEN GSC GST GNTC GOBC LOPEN,47333,,1,2024
5365,"Vardhaman Education & Welfare Society,Ahinsa Polytechnic, Post. Dondaicha, Dhule (Un-Aided Religious Minority - Jain)",,536529310,,Stage-I,GOPEN LOPEN,41020,,1,2024
5365,"Vardhaman Education & Welfare Society,Ahinsa Polytechnic, Post. Dondaicha, Dhule (Un-Aided Religious Minority - Jain)",,536561210,,Stage-I,GOPEN LOPEN,46900,,1,2024
5380,"Adsuls Technical Campus, Chas Dist. Ahmednagar (Un-Aided)",,538024510,,Stage-I,GOPEN GSC GST GNTA GNTC GNTD GOBC GSEBC LOPEN LSC LNTA LNTB LNTD LOBC LSEBC DEF-O EWS,22513,,1,2024
5381,"Shri. Jaykumar Rawal Institute of Technology, Dondaicha. (Un-Aided)",,538124210,,Stage-I,PWDR-OBC GOPEN GSC GNTB GOBC LOPEN LSC LNTA LNTC LOBC,38922,,1,2024
5382,"Ahmednagar Jilha Maratha Vidya Prasarak Samajache, Shri. Chhatrapati Shivaji Maharaj College of Engineering, Nepti (Un-Aided)",,538237210,,Stage-I,GOPEN GSC GNTC GOBC LOPEN LSC,34707,,1,2024
5390,"K.V.N. Naik S. P. Sansths Loknete Gopinathji Munde Institute of Engineering Education & Research, Nashik. (Un-Aided)",,539029310,,Stage-I,GOPEN GSC GST GOBC GSEBC LOPEN LSC LNTC LNTD LOBC,41986,,1,2024
5390,"K.V.N. Naik S. P. Sansths Loknete Gopinathji Munde Institute of Engineering Education & Research, Nashik. (Un-Aided)",,539061210,,Stage-I,GOPEN GSC GNTB GNTD GOBC LOPEN LNTB LOBC,43538,,1,2024
5396,"College of Engineering and Technology ,North Maharashtra Knowledge City, Jalgaon (Un-Aided)",,539619110,,Stage-I,GOPEN GNTB GOBC LOPEN LNTC LOBC,37009,,1,2024
5396,"College of Engineering and Technology ,North Maharashtra Knowledge City, Jalgaon (Un-Aided)",,539624510,,Stage-I,GOPEN GSC GNTA GNTC GOBC LOPEN LST LOBC EWS,44424,,1,2024
5399,"Sanghavi College of Engineering, Varvandi, Nashik. (Un-Aided)",,539929310,,Stage-I,GOPEN GSC GST GNTD GOBC LOPEN LSC LST LOBC,41212,,1,2024
5399,"Sanghavi College of Engineering, Varvandi, Nashik. (Un-Aided)",,539961210,,Stage-I,GOPEN GSC GST GNTD GOBC LOPEN,48784,,1,2024
5418,"Guru Gobind Singh College of Engineering & Research Centre, Nashik. (Un-Aided)",,541819110,,Stage-I,GOPEN GSC GST GNTA GNTB GNTC GNTD GOBC LOPEN LSC LST LOBC EWS,47257,,1,2024
5418,"Guru Gobind Singh College of Engineering & Research Centre, Nashik. (Un-Aided)",,541861210,,Stage-I,GOPEN GSC GST GNTC GNTD GOBC LOPEN LNTB LOBC EWS,28132,,1,2024
5418,"Guru Gobind Singh College of Engineering & Research Centre, Nashik. (Un-Aided)",,541891610,,Stage-I,GOPEN GSC GOBC LOPEN LNTC EWS,19978,,1,2024
6005,"Government College of Engineering, Karad (Government Autonomous)",,600524610,,Stage-I,GOPEN GSEBC LOPEN LSC LST LOBC EWS,30513,,1,2024
6006,COEP Technological University (University Autonomous),,600661210,,Stage-I,DEFR-SEBC GOPEN GSC GST GNTB GNTC GOBC GSEBC LOPEN LSC LST LOBC PWDR-SC EWS,3645,,1,2024
6028,"Department of Technology, Shivaji University, Kolhapur (University Department)",,602819110,,Stage-I,GOPEN GSC GNTA GNTB GNTC GNTD GOBC GSEBC LOPEN LSC LNTB LOBC LSEBC PWD-O DEF-O EWS,44397,,1,2024
6028,"Department of Technology, Shivaji University, Kolhapur (University Department)",,602850710,,Stage-I,GOPEN LOPEN EWS,47643,,1,2024
6122,"TSSMSs Pd. Vasantdada Patil Institute of Technology, Bavdhan, Pune (Un-Aided)",,612219110,,Stage-I,GOPEN GSC GNTA GNTB GNTC GOBC GSEBC LOPEN LSC LNTB EWS,44768,,1,2024
6122,"TSSMSs Pd. Vasantdada Patil Institute of Technology, Bavdhan, Pune (Un-Aided)",,612261210,,Stage-I,GOPEN GSC GST GNTB GNTC GNTD GOBC GSEBC LOPEN DEF-O EWS,31008,,1,2024
6138,"Genba Sopanrao Moze Trust Parvatibai Genba Moze College of Engineering,Wagholi, Pune (Un-Aided)",,613819110,,Stage-I,GOPEN GSC GNTA GNTB GNTC GNTD GOBC LOPEN LSC LOBC EWS,45993,,1,2024
6138,"Genba Sopanrao Moze Trust Parvatibai Genba Moze College of Engineering,Wagholi, Pune (Un-Aided)",,613837210,,Stage-I,GOPEN GSC GNTA GNTB GNTC GOBC GSEBC LOPEN LSC LNTD LOBC LSEBC EWS,30952,,1,2024
6138,"Genba Sopanrao Moze Trust Parvatibai Genba Moze College of Engineering,Wagholi, Pune (Un-Aided)",,613861210,,Stage-I,GOPEN GSC GNTB GOBC GSEBC LOPEN LNTC LOBC EWS,21383,,1,2024
6146,"MIT Academy of Engineering,Alandi, Pune (Un-Aided Autonomous)",,614650710,,Stage-I,GOPEN GSC GNTB GOBC LOPEN LSC LNTD LOBC LSEBC EWS,43462,,1,2024
6155,"G.H.Raisoni College of Engineering & Management, Wagholi, Pune (Un-Aided Autonomous Linguistic Minority - Hindi)",,615561210,,Stage-I,GOPEN LOPEN,25764,,1,2024
6178,"Sinhgad Technical Education Societys Smt. Kashibai Navale College of Engineering,Vadgaon,Pune (Un-Aided)",,617837210,,Stage-I,GOPEN GSC GNTA GNTC GNTD GOBC GSEBC LOPEN LSC LNTB LNTD LOBC LSEBC EWS,21082,,1,2024
6182,"Sinhgad Technical Education Society, Sinhgad Institute of Technology and Science, Narhe (Ambegaon) (Un-Aided)",,618219110,,Stage-I,GOPEN GSC GNTA GNTB GNTC GNTD GOBC GSEBC LOPEN LSC LOBC LSEBC,47902,,1,2024
6182,"Sinhgad Technical Education Society, Sinhgad Institute of Technology and Science, Narhe (Ambegaon) (Un-Aided)",,618237210,,Stage-I,GOPEN GSC GNTB GOBC GSEBC LOPEN LSC LNTA LNTC LNTD LOBC LSEBC EWS,23545,,1,2024
6182,"Sinhgad Technical Education Society, Sinhgad Institute of Technology and Science, Narhe (Ambegaon) (Un-Aided)",,618261210,,Stage-I,GOPEN GNTC GOBC LOPEN,44312,,1,2024
6184,"K. J.s Educational Institut Trinity College of Engineering and Research, Pisoli, Haveli (Un-Aided)",,618419110,,Stage-I,GOPEN LOPEN EWS,48753,,1,2024
6184,"K. J.s Educational Institut Trinity College of Engineering and Research, Pisoli, Haveli (Un-Aided)",,618429310,,Stage-I,GOPEN GSC GNTA GNTB GOBC GSEBC LOPEN LSC LNTC LNTD LOBC LSEBC EWS,23860,,1,2024
6184,"K. J.s Educational Institut Trinity College of Engineering and Research, Pisoli, Haveli (Un-Aided)",,618437210,,Stage-I,GOPEN GSC GNTC GOBC LOPEN LNTA LOBC LSEBC EWS,44608,,1,2024
6185,"Sinhagad Institute of Technology, Lonavala (Un-Aided)",,618529310,,Stage-I,GOPEN GSC GNTB GNTC GNTD GOBC GSEBC LOPEN LSC LNTA LOBC LSEBC DEF-O EWS,32461,,1,2024
6185,"Sinhagad Institute of Technology, Lonavala (Un-Aided)",,618537210,,Stage-I,GOPEN GSC GNTA GNTB GNTC GOBC GSEBC LOPEN LSC LNTD LOBC LSEBC EWS,23868,,1,2024
6206,"Pune District Education Associations College of Engineering, Pune (Un-Aided)",,620661210,,Stage-I,GOPEN GSC GOBC LOPEN,43755,,1,2024
6207,"Dr. D. Y. Patil Unitech Societys Dr. D. Y. Patil Institute of Technology, Pimpri, Pune (Un-Aided)",,620746610,,Stage-I,GOPEN GSC GOBC GSEBC LOPEN LNTA LNTC EWS,47515,,1,2024
6217,"Shri. Balasaheb Mane Shikshan Prasarak Mandals, Ashokrao Mane Group of Institutions (Un-Aided)",,621726310,,Stage-I,GOPEN GSC GOBC GSEBC LOPEN LSC LNTC LOBC LSEBC,34228,,1,2024
6217,"Shri. Balasaheb Mane Shikshan Prasarak Mandals, Ashokrao Mane Group of Institutions (Un-Aided)",,621737210,,Stage-I,GOPEN GSC GNTB GNTC GOBC GSEBC LOPEN LNTA LOBC LSEBC,39019,,1,2024
6217,"Shri. Balasaheb Mane Shikshan Prasarak Mandals, Ashokrao Mane Group of Institutions (Un-Aided)",,621792110,,Stage-I,GOPEN GSC GOBC LOPEN LNTA LNTC LOBC LSEBC,36514,,1,2024
6219,"KSGBSs Bharat- Ratna Indira Gandhi College of Engineering, Kegaon, Solapur (Un-Aided)",,621919110,,Stage-I,GOPEN GSC LOPEN,47989,,1,2024
6219,"KSGBSs Bharat- Ratna Indira Gandhi College of Engineering, Kegaon, Solapur (Un-Aided)",,621961210,,Stage-I,GOPEN GSC GOBC GSEBC LOPEN,47726,,1,2024
6222,"Dattajirao Kadam Technical Education Societys Textile & Engineering Institute, Ichalkaranji. (Un-Aided Autonomous)",,622261210,,Stage-I,GOPEN GSC GNTB GOBC GSEBC LOPEN LSC LNTC LOBC EWS,24381,,1,2024
6223,"Pradnya Niketan Education Societys Nagesh Karajagi Orchid College of Engineering & Technology, Solapur (Un-Aided)",,622319110,,Stage-I,GOPEN GSC GNTA GOBC GSEBC LOPEN LSC LNTA LOBC EWS,41724,,1,2024
6267,"Kolhapur Institute of Technologys College of Engineering(Autonomous), Kolhapur (Un-Aided Autonomous)",,626726210,,Stage-I,DEFR-SEBC GOPEN GSC GNTD GOBC GSEBC LOPEN LSC LNTA LNTC LOBC EWS,4732,,1,2024
6267,"Kolhapur Institute of Technologys College of Engineering(Autonomous), Kolhapur (Un-Aided Autonomous)",,626792210,,Stage-I,GOPEN GOBC LOPEN LSC LNTB LOBC EWS,34949,,1,2024
6268,"Tatyasaheb Kore Institute of Engineering and Technology, Warananagar (Un-Aided Autonomous)",,626837210,,Stage-I,GOPEN GSC GOBC GSEBC LOPEN LSC LNTA LNTC EWS,21273,,1,2024
6269,"Shetkari Shikshan Mandals Pad. Vasantraodada Patil Institute of Technology, Budhgaon, Sangli (Un-Aided)",,626919110,,Stage-I,GOPEN GNTA GNTC GOBC GSEBC LOPEN EWS,43241,,1,2024
6269,"Shetkari Shikshan Mandals Pad. Vasantraodada Patil Institute of Technology, Budhgaon, Sangli (Un-Aided)",,626950710,,Stage-I,GOPEN GSC GNTC LOPEN EWS,41303,,1,2024
6269,"Shetkari Shikshan Mandals Pad. Vasantraodada Patil Institute of Technology, Budhgaon, Sangli (Un-Aided)",,626961210,,Stage-I,GOPEN GSC GNTA GNTB LOPEN,34345,,1,2024
6274,"Pune Vidyarthi Grihas College of Engineering and Technology and G K Pate(Wani) Institute of Management, Pune (Un-Aided)",,627424510,,Stage-I,GOPEN GOBC LOPEN LSC LST LSEBC EWS,41453,,1,2024
6277,"Dr. J. J. Magdum Charitable Trusts Dr. J.J. Magdum College of Engineering, Jaysingpur (Un-Aided)",,627719110,,Stage-I,GOPEN GSC GNTB GNTC GOBC LOPEN EWS,34509,,1,2024
6277,"Dr. J. J. Magdum Charitable Trusts Dr. J.J. Magdum College of Engineering, Jaysingpur (Un-Aided)",,627737210,,Stage-I,GOPEN GSC GNTB GOBC GSEBC LOPEN LSC LNTA LNTC LOBC LSEBC EWS,32996,,1,2024
6278,"All India Shri Shivaji Memorial Societys College of Engineering, Pune (Un-Aided)",,627837810,,Stage-I,GOPEN GSC GNTB GOBC GSEBC LOPEN LNTC LOBC EWS,47134,,1,2024
6281,"Modern Education Societys College of Engineering, Pune (Un-Aided)",,628191610,,Stage-I,GOPEN GSC GNTC GOBC GSEBC LOPEN LSC LNTB LOBC EWS,20162,,1,2024
6284,"Vidya Pratishthans Kamalnayan Bajaj Institute of Engineering & Technology, Baramati Dist.Pune (Un-Aided Autonomous)",,628461210,,Stage-I,GOPEN GOBC GSEBC LOPEN LSC,18866,,1,2024
6293,"Kai Amdar Bramhadevdada Mane Shikshan & Samajik Prathistans Bramhadevdada Mane Institute of Technology, Solapur (Un-Aided)",,629324210,,Stage-I,GOPEN GSC GNTA GNTB GNTC GOBC GSEBC LOPEN LSC LNTA LOBC LSEBC EWS,48976,,1,2024
6293,"Kai Amdar Bramhadevdada Mane Shikshan & Samajik Prathistans Bramhadevdada Mane Institute of Technology, Solapur (Un-Aided)",,629329310,,Stage-I,GOPEN GSC GNTA GNTC GOBC GSEBC LOPEN LSC LOBC EWS,45839,,1,2024
6293,"Kai Amdar Bramhadevdada Mane Shikshan & Samajik Prathistans Bramhadevdada Mane Institute of Technology, Solapur (Un-Aided)",,629337210,,Stage-I,GOPEN GSC GOBC LOPEN LNTA LNTC LOBC EWS,23919,,1,2024
6293,"Kai Amdar Bramhadevdada Mane Shikshan & Samajik Prathistans Bramhadevdada Mane Institute of Technology, Solapur (Un-Aided)",,629361210,,Stage-I,GOPEN GOBC LOPEN EWS,38470,,1,2024
6298,"Zeal Education Societys Zeal College of Engineering & Reserch, Narhe, Pune (Un-Aided)",,629837210,,Stage-I,GOPEN GSC GNTA GNTB GNTC GOBC GSEBC LOPEN LSC LNTD LOBC LSEBC EWS,30292,,1,2024
6298,"Zeal Education Societys Zeal College of Engineering & Reserch, Narhe, Pune (Un-Aided)",,629861210,,Stage-I,GOPEN GSC GNTB GOBC LOPEN LNTB LNTC EWS,36203,,1,2024
6303,"Dr. Ashok Gujar Technical Institutes Dr. Daulatrao Aher College of Engineering, Karad (Un-Aided)",,630319110,,Stage-I,GOPEN GSC GNTA GNTB GSEBC LOPEN,47001,,1,2024
6303,"Dr. Ashok Gujar Technical Institutes Dr. Daulatrao Aher College of Engineering, Karad (Un-Aided)",,630361210,,Stage-I,GOPEN LOPEN,44559,,1,2024
6304,"Loknete Hanumantrao Charitable Trusts Adarsh Institute of Technology and Research Centre, Vita,Sangli (Un-Aided)",,630461210,,Stage-I,GOPEN GNTB LOPEN,46767,,1,2024
6305,"S.D.N.C.R.E.SS.Late Narayandas Bhawandas Chhabada Institute of Engineering & Technology, Satara (Un-Aided)",,630519110,,Stage-I,GOPEN LOPEN,48889,,1,2024
6307,"Dhole Patil Education Society, Dhole Patil College of Engineering, Wagholi, Tal. Haveli (Un-Aided)",,630737210,,Stage-I,GOPEN GSC GOBC LOPEN LNTA LSEBC EWS,37513,,1,2024
6307,"Dhole Patil Education Society, Dhole Patil College of Engineering, Wagholi, Tal. Haveli (Un-Aided)",,630760210,,Stage-I,GOPEN GSC GOBC LOPEN,34144,,1,2024
6308,"Shanti Education Society, A.G. Patil Institute of Technology, Soregaon, Solapur(North) (Un-Aided)",,630861210,,Stage-I,GOPEN GSC GOBC LOPEN,47468,,1,2024
6310,"Nutan Maharashtra Vidya Prasarak Mandal, Nutan Maharashtra Institute of Engineering &Technology, Talegaon station, Pune (Un-Aided)",,631037210,,Stage-I,GOPEN GSC GNTA GOBC GSEBC LOPEN LSC LNTC LNTD LOBC EWS,41901,,1,2024
6311,"Jayawant Shikshan Prasarak Mandal, Bhivarabai Sawant Institute of Technology & Research, Wagholi (Un-Aided)",,631129310,,Stage-I,GOPEN GSC GST GNTA GNTB GNTC GOBC GSEBC LOPEN LSC LNTD LOBC LSEBC EWS,27930,,1,2024
6313,"Jaywant College of Engineering & Polytechnic , Kille Macchindragad Tal. Walva District- Sangali (Un-Aided)",,631319110,,Stage-I,GOPEN LOPEN PWD-O,49057,,1,2024
6313,"Jaywant College of Engineering & Polytechnic , Kille Macchindragad Tal. Walva District- Sangali (Un-Aided)",,631361210,,Stage-I,GOPEN LOPEN,48649,,1,2024
6315,"Holy-Wood Academys Sanjeevan Engineering and Technology Institute, Panhala (Un-Aided)",,631561210,,Stage-I,GOPEN GSC LOPEN,31859,,1,2024
6317,"Sharad Institute of Technology College of Engineering, Yadrav(Ichalkaranji) (Un-Aided Autonomous)",,631762410,,Stage-I,GOPEN GSC GNTC GOBC GSEBC LOPEN LNTA LOBC LSEBC EWS,38233,,1,2024
6317,"Sharad Institute of Technology College of Engineering, Yadrav(Ichalkaranji) (Un-Aided Autonomous)",,631791610,,Stage-I,GOPEN GSC GNTC GOBC GSEBC LOPEN LNTB LOBC LSEBC EWS,20893,,1,2024
6318,"Abhinav Education Societys College of Engineering and Technology (Degree), Wadwadi (Un-Aided)",,631829310,,Stage-I,GOPEN GNTB GOBC GSEBC LOPEN LST LNTC LOBC EWS,44734,,1,2024
6318,"Abhinav Education Societys College of Engineering and Technology (Degree), Wadwadi (Un-Aided)",,631861210,,Stage-I,GOPEN GSC GNTC GOBC LOPEN LST LOBC LSEBC,43299,,1,2024
6319,"Shahajirao Patil Vikas Pratishthan, S.B.Patil College of Engineering, Vangali, Tal. Indapur (Un-Aided)",,631924510,,Stage-I,GOPEN GSC GNTD GOBC GSEBC LOPEN LNTB LOBC EWS,45919,,1,2024
6319,"Shahajirao Patil Vikas Pratishthan, S.B.Patil College of Engineering, Vangali, Tal. Indapur (Un-Aided)",,631961210,,Stage-I,GOPEN LOPEN LNTC,46140,,1,2024
6324,"Rajgad Dnyanpeeths Technical Campus,Dhangwadi, Bhor (Un-Aided)",,632419110,,Stage-I,GOPEN GSC GST GNTB GNTC GOBC LOPEN LNTD,41939,,1,2024
6324,"Rajgad Dnyanpeeths Technical Campus,Dhangwadi, Bhor (Un-Aided)",,632426310,,Stage-I,GOPEN GSC GNTB GOBC GSEBC LOPEN LSC LNTA LNTC LOBC LSEBC DEF-O,30096,,1,2024
6324,"Rajgad Dnyanpeeths Technical Campus,Dhangwadi, Bhor (Un-Aided)",,632461210,,Stage-I,GOPEN GSC GNTA GNTB GNTC GNTD GOBC LOPEN LNTA,44173,,1,2024
6325,"Alard Charitable Trusts Alard College of Engineering and Management, Pune (Un-Aided Linguistic Minority - Hindi)",,632519110,,Stage-I,GOPEN LOPEN,48498,,1,2024
6325,"Alard Charitable Trusts Alard College of Engineering and Management, Pune (Un-Aided Linguistic Minority - Hindi)",,632561210,,Stage-I,GOPEN LOPEN,39991,,1,2024
6419,"Nutan College of Engineering and Research, Talegaon Dabhade Tal. Maval, Pune (Un-Aided)",,641961210,,Stage-I,GOPEN GSC GNTB GNTC GOBC GSEBC LOPEN EWS,44141,,1,2024
6444,"Shriram Institute Of Engineering & Technology, (Poly), Paniv (Un-Aided)",,644419110,,Stage-I,GOPEN GSC GNTC LOPEN EWS,31159,,1,2024
6444,"Shriram Institute Of Engineering & Technology, (Poly), Paniv (Un-Aided)",,644461210,,Stage-I,GOPEN GSC GNTC GOBC LOPEN,33399,,1,2024
6466,"Shree Santkrupa Shikshan Sanstha, Shree Santkrupa Institute Of Engineering & Technology, Karad (Un-Aided)",,646624210,,Stage-I,GOPEN GSC GOBC LOPEN LOBC LSEBC,39760,,1,2024
6468,"Swami Vivekananda Shikshan Sanstha, Dr. Bapuji Salunkhe Institute Of Engineering & Technology,Kolhapur (Un-Aided)",,646829310,,Stage-I,GOPEN GSC GST GOBC GSEBC LOPEN LSC LNTB LSEBC,47762,,1,2024
6545,"Samarth Education Trusts Arvind Gavali College Of Engineering Panwalewadi, Varye,Satara. (Un-Aided)",,654519110,,Stage-I,GOPEN LOPEN,47808,,1,2024
6609,"Jaihind College Of Engineering,Kuran (Un-Aided)",,660919110,,Stage-I,GOPEN GSC GST GNTA GOBC LOPEN EWS,43325,,1,2024
6609,"Jaihind College Of Engineering,Kuran (Un-Aided)",,660937210,,Stage-I,GOPEN GOBC GSEBC LOPEN LSC EWS,25113,,1,2024
6609,"Jaihind College Of Engineering,Kuran (Un-Aided)",,660961210,,Stage-I,GOPEN GSC GOBC GSEBC LOPEN LNTA,29434,,1,2024
6622,ISBM College Of Engineering Pune (Un-Aided Linguistic Minority - Hindi),,662261210,,Stage-I,GOPEN LOPEN MI,39186,,1,2024
6625,"Universal College of Engineering & Research, Sasewadi (Un-Aided)",,662519110,,Stage-I,GOPEN GSEBC LOPEN,45553,,1,2024
6632,Navsahyadri Education Societys Group of Institutions (Un-Aided),,663261210,,Stage-I,GOPEN LOPEN,44787,,1,2024
6634,"KJEIs Trinity Academy of Engineering, Yewalewadi, Pune (Un-Aided)",,663437210,,Stage-I,GOPEN GSC GNTB GOBC GSEBC LOPEN LSC LNTA LNTC LNTD LOBC LSEBC,26437,,1,2024
6635,"Samarth Group of Institutions, Bangarwadi, Post Belhe Tal. Junnar Dist. Pune (Un-Aided)",,663561210,,Stage-I,GOPEN GSC GOBC LOPEN EWS,43214,,1,2024
6635,"Samarth Group of Institutions, Bangarwadi, Post Belhe Tal. Junnar Dist. Pune (Un-Aided)",,663592110,,Stage-I,GOPEN GSC GOBC GSEBC LOPEN LNTC,35615,,1,2024
6640,"N. B. Navale Sinhgad College of Engineering, Kegaon, solapur (Un-Aided)",,664029310,,Stage-I,GOPEN GSC GOBC GSEBC LOPEN LNTC LOBC LSEBC EWS,23729,,1,2024
6640,"N. B. Navale Sinhgad College of Engineering, Kegaon, solapur (Un-Aided)",,664061210,,Stage-I,GOPEN GOBC LOPEN EWS,41671,,1,2024
6644,"Shri. Ambabai Talim Sansthas Sanjay Bhokare Group of Institutes, Miraj (Un-Aided)",,664419110,,Stage-I,GOPEN GSC GNTA GNTC GOBC LOPEN LSC,48296,,1,2024
6644,"Shri. Ambabai Talim Sansthas Sanjay Bhokare Group of Institutes, Miraj (Un-Aided)",,664429310,,Stage-I,GOPEN GSC GOBC LOPEN LSC LNTC LOBC EWS,45119,,1,2024
6644,"Shri. Ambabai Talim Sansthas Sanjay Bhokare Group of Institutes, Miraj (Un-Aided)",,664491110,,Stage-I,GOPEN GSC GSEBC LOPEN PWD-O,46365,,1,2024
6649,"TSSMs Bhivarabai Sawant College of Engineering and Research, Narhe, Pune (Un-Aided)",,664937210,,Stage-I,GOPEN GSC GOBC GSEBC LOPEN LNTA LNTC LOBC EWS,24549,,1,2024
6649,"TSSMs Bhivarabai Sawant College of Engineering and Research, Narhe, Pune (Un-Aided)",,664961210,,Stage-I,GOPEN GNTB GNTC GOBC LOPEN EWS,35794,,1,2024
6732,"Ajeenkya DY Patil School of Engineering, Lohegaon, Pune (Un-Aided)",,673261210,,Stage-I,GOPEN GSC GNTA GNTB GNTC GNTD GOBC GSEBC LOPEN EWS,39130,,1,2024
6755,"JSPM Narhe Technical Campus, Pune. (Un-Aided)",,675519110,,Stage-I,GOPEN GSC GNTA GNTB GNTC GOBC GSEBC LOPEN LSC LST LNTA LNTB LNTC LOBC LSEBC EWS,47529,,1,2024
6756,"Fabtech Technical Campus College of Engineering and Research, Sangola (Un-Aided)",,675619110,,Stage-I,GOPEN GNTC LOPEN,40979,,1,2024
6756,"Fabtech Technical Campus College of Engineering and Research, Sangola (Un-Aided)",,675629310,,Stage-I,GOPEN GSC GNTC GOBC GSEBC LOPEN LSC LOBC,40881,,1,2024
6756,"Fabtech Technical Campus College of Engineering and Research, Sangola (Un-Aided)",,675637210,,Stage-I,GOPEN GSC GNTB GOBC GSEBC LOPEN LNTC LOBC,42365,,1,2024
6756,"Fabtech Technical Campus College of Engineering and Research, Sangola (Un-Aided)",,675661210,,Stage-I,GOPEN GSC GNTC LOPEN,29316,,1,2024
6757,"Yashoda Technical Campus, Wadhe, Satara. (Un-Aided)",,675799510,,Stage-I,GOPEN GOBC LOPEN LSC LOBC LSEBC,25792,,1,2024
6758,"Sahyadri Valley College of Engineering & Technology, Rajuri, Pune. (Un-Aided)",,675819110,,Stage-I,GOPEN LOPEN,43765,,1,2024
6758,"Sahyadri Valley College of Engineering & Technology, Rajuri, Pune. (Un-Aided)",,675861210,,Stage-I,GOPEN GSC GST GNTB GOBC LOPEN LNTD EWS,29099,,1,2024
6758,"Sahyadri Valley College of Engineering & Technology, Rajuri, Pune. (Un-Aided)",,675892110,,Stage-I,GOPEN GSC GOBC GSEBC LOPEN LSC LNTC LOBC,19343,,1,2024
6759,"Shree Ramchandra College of Engineering, Lonikand,Pune (Un-Aided)",,675919110,,Stage-I,GOPEN LOPEN EWS,47200,,1,2024
6759,"Shree Ramchandra College of Engineering, Lonikand,Pune (Un-Aided)",,675929310,,Stage-I,GOPEN GSC GOBC GSEBC LOPEN LNTA LNTC LNTD LOBC EWS,34874,,1,2024
6759,"Shree Ramchandra College of Engineering, Lonikand,Pune (Un-Aided)",,675999510,,Stage-I,GOPEN GSC GNTA GNTB GNTC GOBC GSEBC LOPEN LSC LNTD LOBC LSEBC EWS,22374,,1,2024
6762,"Nanasaheb Mahadik College of Engineering,Walwa, Sangli. (Un-Aided)",,676224210,,Stage-I,GOPEN GSC GOBC GSEBC LOPEN LSC LNTC LOBC EWS,27485,,1,2024
6762,"Nanasaheb Mahadik College of Engineering,Walwa, Sangli. (Un-Aided)",,676229310,,Stage-I,GOPEN GSC GNTA GNTB GNTC GOBC GSEBC LOPEN LSC LNTA LOBC PWD-O EWS,48006,,1,2024
6762,"Nanasaheb Mahadik College of Engineering,Walwa, Sangli. (Un-Aided)",,676261210,,Stage-I,GOPEN GSC GNTA LOPEN,41526,,1,2024
6766,Phaltan Education Societys College of Engineering Thakurki Tal- Phaltan Dist-Satara (Un-Aided),,676699510,,Stage-I,GOPEN GSC GNTB GOBC LOPEN LNTC,47747,,1,2024
6767,"Suman Ramesh Tulsiani Technical Campus: Faculty of Engineering, Kamshet,Pune. (Un-Aided)",,676761210,,Stage-I,GOPEN GSC GNTC GOBC LOPEN EWS,34838,,1,2024
6767,"Suman Ramesh Tulsiani Technical Campus: Faculty of Engineering, Kamshet,Pune. (Un-Aided)",,676791210,,Stage-I,GOPEN GSC GNTA GNTB GNTC GOBC GSEBC LOPEN LSC LOBC LSEBC,34116,,1,2024
6768,"P.K. Technical Campus, Pune. (Un-Aided)",,676861210,,Stage-I,GOPEN GSC GNTA GNTC GNTD GOBC LOPEN LOBC EWS,46255,,1,2024
6769,"Rasiklal M. Dhariwal Sinhgad Technical Institutes Campus, Warje, Pune. (Un-Aided)",,676919110,,Stage-I,GOPEN GSC GST GNTA GOBC LOPEN,47699,,1,2024
6782,"Sahakar Maharshee Shankarrao Mohite Patil Institute of Technology & Research, Akluj (Un-Aided)",,678219110,,Stage-I,GOPEN GNTC LOPEN,45410,,1,2024
6782,"Sahakar Maharshee Shankarrao Mohite Patil Institute of Technology & Research, Akluj (Un-Aided)",,678261210,,Stage-I,GOPEN GSC GOBC LOPEN LNTC,44487,,1,2024
6795,"Shri.Someshwar Shikshan Prasarak Mandal, Sharadchandra Pawar College of Engineering & Technology, Someshwar Nagar (Un-Aided)",,679519110,,Stage-I,GOPEN LOPEN,48666,,1,2024
6795,"Shri.Someshwar Shikshan Prasarak Mandal, Sharadchandra Pawar College of Engineering & Technology, Someshwar Nagar (Un-Aided)",,679561210,,Stage-I,GOPEN GSC GNTC GOBC GSEBC LOPEN LOBC,48590,,1,2024
6796,"Bharati Vidyapeeths College of Engineering,Lavale, Pune (Un-Aided)",,679619110,,Stage-I,GOPEN GSC GST GNTA GNTB GNTC GNTD GOBC GSEBC LOPEN LSC LNTB LOBC LSEBC EWS,48074,,1,2024
6796,"Bharati Vidyapeeths College of Engineering,Lavale, Pune (Un-Aided)",,679637210,,Stage-I,GOPEN GSC GNTB GNTD GOBC GSEBC LOPEN LSC LNTA LNTC LOBC LSEBC EWS,25148,,1,2024
6797,"Dnyanshree Institute Engineering and Technology, Satara (Un-Aided)",,679724210,,Stage-I,GOPEN GSC GNTB GNTC GOBC GSEBC LOPEN LSC LNTA LOBC LSEBC,44108,,1,2024
6802,"Dr. D.Y.Patil Institute of Engineering, Management & Reseach, Akurdi, Pune (Un-Aided)",,680250710,,Stage-I,GOPEN GOBC GSEBC LOPEN LNTA LOBC,45146,,1,2024
6808,"Keystone School of Engineering, Pune (Un-Aided)",,680861210,,Stage-I,GOPEN GSC GNTB GNTC GOBC LOPEN EWS,47033,,1,2024
6811,Sanjay Ghodawat Institute (Un-Aided),,681119110,,Stage-I,GOPEN GOBC LOPEN,48905,,1,2024
6811,Sanjay Ghodawat Institute (Un-Aided),,681161210,,Stage-I,GOPEN GSC GOBC LOPEN,33523,,1,2024
6839,"Dr. D Y Patil Pratishthans College of Engineering, Kolhapur (Un-Aided)",,683919110,,Stage-I,GOPEN GSC GOBC GSEBC LOPEN LNTB LSEBC,47169,,1,2024
6878,"Dr. A. D. Shinde College Of Engineering, Tal.Gadhinglaj, Kolhapur (Un-Aided)",,687819110,,Stage-I,GOPEN GSC GOBC LOPEN,40853,,1,2024
6878,"Dr. A. D. Shinde College Of Engineering, Tal.Gadhinglaj, Kolhapur (Un-Aided)",,687861210,,Stage-I,GOPEN GSC GSEBC LOPEN,35545,,1,2024
6901,"MAEERs MIT College of Railway Engineering and Research, Jamgaon, Barshi (Un-Aided)",,690137210,,Stage-I,GOPEN GOBC LOPEN LSC LNTC LSEBC EWS,42973,,1,2024
